1,11:30:08 AM
2,11:30:09 AM
3,11:30:10 AM
4,11:30:11 AM
5,11:30:12 AM
6,11:30:13 AM
7,11:30:14 AM
8,11:30:15 AM
9,11:30:16 AM
10,11:30:17 AM
11,11:30:18 AM
12,11:30:19 AM
13,11:30:20 AM
14,11:30:21 AM
15,11:30:22 AM
17,11:30:24 AM
18,11:30:25 AM
19,11:30:26 AM
20,11:30:27 AM
21,11:30:28 AM
22,11:30:29 AM
23,11:30:30 AM
24,11:30:31 AM
25,11:30:32 AM
26,11:30:33 AM
27,11:30:34 AM
28,11:30:35 AM
29,11:30:36 AM
30,11:30:37 AM
31,11:30:38 AM
32,11:30:39 AM
33,11:30:40 AM
34,11:30:41 AM
35,11:30:42 AM
36,11:30:43 AM
37,11:30:44 AM
38,11:30:45 AM
39,11:30:46 AM
44,11:30:51 AM
45,11:30:52 AM
46,11:30:53 AM
47,11:30:54 AM
48,11:30:55 AM
49,11:30:56 AM
50,11:30:57 AM
51,11:30:58 AM
52,11:30:59 AM
53,11:31:00 AM
54,11:31:01 AM
55,11:31:02 AM
56,11:31:03 AM
57,11:31:04 AM
58,11:31:05 AM
59,11:31:06 AM
60,11:31:07 AM
64,11:31:11 AM
65,11:31:12 AM
66,11:31:13 AM
67,11:31:14 AM
68,11:31:15 AM
69,11:31:16 AM
70,11:31:17 AM
75,11:31:22 AM
76,11:31:23 AM
77,11:31:24 AM
78,11:31:25 AM
79,11:31:26 AM
80,11:31:27 AM
81,11:31:28 AM
83,11:31:30 AM
84,11:31:31 AM
85,11:31:32 AM
86,11:31:33 AM
87,11:31:34 AM
88,11:31:35 AM
95,11:31:42 AM
96,11:31:43 AM
97,11:31:44 AM
98,11:31:45 AM
99,11:31:46 AM
100,11:31:47 AM
101,11:31:48 AM
102,11:31:49 AM
103,11:31:50 AM
104,11:31:51 AM
105,11:31:52 AM
106,11:31:53 AM
107,11:31:54 AM
108,11:31:55 AM
109,11:31:56 AM
110,11:31:57 AM
111,11:31:58 AM
112,11:31:59 AM
113,11:32:00 AM
114,11:32:01 AM
115,11:32:02 AM
116,11:32:03 AM
117,11:32:04 AM
118,11:32:05 AM
119,11:32:06 AM
120,11:32:07 AM
121,11:32:08 AM
122,11:32:09 AM
123,11:32:10 AM
124,11:32:11 AM
125,11:32:12 AM
126,11:32:13 AM
127,11:32:14 AM
128,11:32:15 AM
133,11:32:20 AM
134,11:32:21 AM
135,11:32:22 AM
136,11:32:23 AM
137,11:32:24 AM
138,11:32:25 AM
139,11:32:26 AM
140,11:32:27 AM
141,11:32:28 AM
142,11:32:29 AM
143,11:32:30 AM
144,11:32:31 AM
145,11:32:32 AM
146,11:32:33 AM
147,11:32:34 AM
148,11:32:35 AM
149,11:32:36 AM
150,11:32:37 AM
151,11:32:38 AM
152,11:32:39 AM
153,11:32:40 AM
154,11:32:41 AM
155,11:32:42 AM
156,11:32:43 AM
157,11:32:44 AM
158,11:32:45 AM
159,11:32:46 AM
160,11:32:47 AM
161,11:32:48 AM
162,11:32:49 AM
163,11:32:50 AM
164,11:32:51 AM
165,11:32:52 AM
166,11:32:53 AM
167,11:32:54 AM
168,11:32:55 AM
169,11:32:56 AM
170,11:32:57 AM
171,11:32:58 AM
172,11:32:59 AM
173,11:33:00 AM
174,11:33:01 AM
175,11:33:02 AM
176,11:33:03 AM
177,11:33:04 AM
178,11:33:05 AM
179,11:33:06 AM
180,11:33:07 AM
181,11:33:08 AM
182,11:33:09 AM
183,11:33:10 AM
184,11:33:11 AM
185,11:33:12 AM
186,11:33:13 AM
187,11:33:14 AM
188,11:33:15 AM
189,11:33:16 AM
190,11:33:17 AM
191,11:33:18 AM
192,11:33:19 AM
193,11:33:20 AM
194,11:33:21 AM
195,11:33:22 AM
196,11:33:23 AM
197,11:33:24 AM
198,11:33:25 AM
199,11:33:26 AM
200,11:33:27 AM
201,11:33:28 AM
202,11:33:29 AM
203,11:33:30 AM
204,11:33:31 AM
205,11:33:32 AM
206,11:33:33 AM
207,11:33:34 AM
208,11:33:35 AM
209,11:33:36 AM
210,11:33:37 AM
211,11:33:38 AM
212,11:33:39 AM
213,11:33:40 AM
214,11:33:41 AM
215,11:33:42 AM
216,11:33:43 AM
217,11:33:44 AM
218,11:33:45 AM
219,11:33:46 AM
220,11:33:47 AM
221,11:33:48 AM
222,11:33:49 AM
223,11:33:50 AM
224,11:33:51 AM
225,11:33:52 AM
226,11:33:53 AM
227,11:33:54 AM
228,11:33:55 AM
229,11:33:56 AM
230,11:33:57 AM
231,11:33:58 AM
232,11:33:59 AM
233,11:34:00 AM
234,11:34:01 AM
235,11:34:02 AM
236,11:34:03 AM
237,11:34:04 AM
238,11:34:05 AM
239,11:34:06 AM
240,11:34:07 AM
241,11:34:08 AM
242,11:34:09 AM
246,11:34:13 AM
247,11:34:14 AM
248,11:34:15 AM
249,11:34:16 AM
250,11:34:17 AM
251,11:34:18 AM
252,11:34:19 AM
253,11:34:20 AM
254,11:34:21 AM
255,11:34:22 AM
256,11:34:23 AM
257,11:34:24 AM
258,11:34:25 AM
259,11:34:26 AM
260,11:34:27 AM
261,11:34:28 AM
262,11:34:29 AM
263,11:34:30 AM
264,11:34:31 AM
265,11:34:32 AM
266,11:34:33 AM
267,11:34:34 AM
268,11:34:35 AM
269,11:34:36 AM
270,11:34:37 AM
271,11:34:38 AM
272,11:34:39 AM
273,11:34:40 AM
274,11:34:41 AM
275,11:34:42 AM
276,11:34:43 AM
277,11:34:44 AM
278,11:34:45 AM
279,11:34:46 AM
280,11:34:47 AM
281,11:34:48 AM
282,11:34:49 AM
283,11:34:50 AM
284,11:34:51 AM
285,11:34:52 AM
286,11:34:53 AM
287,11:34:54 AM
288,11:34:55 AM
289,11:34:56 AM
290,11:34:57 AM
291,11:34:58 AM
292,11:34:59 AM
293,11:35:00 AM
294,11:35:01 AM
295,11:35:02 AM
296,11:35:03 AM
297,11:35:04 AM
298,11:35:05 AM
299,11:35:06 AM
300,11:35:07 AM
301,11:35:08 AM
302,11:35:09 AM
303,11:35:10 AM
304,11:35:11 AM
305,11:35:12 AM
306,11:35:13 AM
307,11:35:14 AM
308,11:35:15 AM
309,11:35:16 AM
310,11:35:17 AM
311,11:35:18 AM
312,11:35:19 AM
313,11:35:20 AM
314,11:35:21 AM
315,11:35:22 AM
316,11:35:23 AM
317,11:35:24 AM
318,11:35:25 AM
319,11:35:26 AM
320,11:35:27 AM
321,11:35:28 AM
322,11:35:29 AM
323,11:35:30 AM
324,11:35:31 AM
325,11:35:32 AM
326,11:35:33 AM
331,11:35:38 AM
332,11:35:39 AM
333,11:35:40 AM
334,11:35:41 AM
335,11:35:42 AM
336,11:35:43 AM
337,11:35:44 AM
338,11:35:45 AM
339,11:35:46 AM
340,11:35:47 AM
341,11:35:48 AM
342,11:35:49 AM
343,11:35:50 AM
344,11:35:51 AM
345,11:35:52 AM
346,11:35:53 AM
347,11:35:54 AM
348,11:35:55 AM
349,11:35:56 AM
350,11:35:57 AM
351,11:35:58 AM
352,11:35:59 AM
353,11:36:00 AM
354,11:36:01 AM
355,11:36:02 AM
356,11:36:03 AM
357,11:36:04 AM
358,11:36:05 AM
359,11:36:06 AM
360,11:36:07 AM
361,11:36:08 AM
362,11:36:09 AM
363,11:36:10 AM
364,11:36:11 AM
365,11:36:12 AM
366,11:36:13 AM
367,11:36:14 AM
368,11:36:15 AM
369,11:36:16 AM
370,11:36:17 AM
371,11:36:18 AM
372,11:36:19 AM
373,11:36:20 AM
374,11:36:21 AM
375,11:36:22 AM
376,11:36:23 AM
377,11:36:24 AM
378,11:36:25 AM
379,11:36:26 AM
380,11:36:27 AM
381,11:36:28 AM
382,11:36:29 AM
383,11:36:30 AM
384,11:36:31 AM
385,11:36:32 AM
386,11:36:33 AM
387,11:36:34 AM
388,11:36:35 AM
389,11:36:36 AM
390,11:36:37 AM
391,11:36:38 AM
392,11:36:39 AM
398,11:36:45 AM
399,11:36:46 AM
400,11:36:47 AM
401,11:36:48 AM
402,11:36:49 AM
403,11:36:50 AM
404,11:36:51 AM
405,11:36:52 AM
406,11:36:53 AM
407,11:36:54 AM
408,11:36:55 AM
409,11:36:56 AM
410,11:36:57 AM
417,11:37:04 AM
418,11:37:05 AM
419,11:37:06 AM
420,11:37:07 AM
421,11:37:08 AM
422,11:37:09 AM
423,11:37:10 AM
424,11:37:11 AM
430,11:37:17 AM
431,11:37:18 AM
437,11:37:24 AM
438,11:37:25 AM
439,11:37:26 AM
440,11:37:27 AM
441,11:37:28 AM
442,11:37:29 AM
443,11:37:30 AM
444,11:37:31 AM
445,11:37:32 AM
446,11:37:33 AM
447,11:37:34 AM
449,11:37:36 AM
450,11:37:37 AM
451,11:37:38 AM
452,11:37:39 AM
453,11:37:40 AM
454,11:37:41 AM
455,11:37:42 AM
456,11:37:43 AM
457,11:37:44 AM
471,11:37:58 AM
472,11:37:59 AM
473,11:38:00 AM
474,11:38:01 AM
479,11:38:06 AM
480,11:38:07 AM
481,11:38:08 AM
482,11:38:09 AM
483,11:38:10 AM
484,11:38:11 AM
493,11:38:20 AM
494,11:38:21 AM
495,11:38:22 AM
496,11:38:23 AM
497,11:38:24 AM
498,11:38:25 AM
499,11:38:26 AM
500,11:38:27 AM
501,11:38:28 AM
502,11:38:29 AM
503,11:38:30 AM
504,11:38:31 AM
505,11:38:32 AM
506,11:38:33 AM
507,11:38:34 AM
508,11:38:35 AM
509,11:38:36 AM
525,11:38:52 AM
526,11:38:53 AM
527,11:38:54 AM
528,11:38:55 AM
529,11:38:56 AM
530,11:38:57 AM
531,11:38:58 AM
532,11:38:59 AM
533,11:39:00 AM
534,11:39:01 AM
535,11:39:02 AM
536,11:39:03 AM
537,11:39:04 AM
538,11:39:05 AM
539,11:39:06 AM
540,11:39:07 AM
541,11:39:08 AM
542,11:39:09 AM
543,11:39:10 AM
547,11:39:14 AM
552,11:39:19 AM
553,11:39:20 AM
554,11:39:21 AM
555,11:39:22 AM
556,11:39:23 AM
557,11:39:24 AM
558,11:39:25 AM
559,11:39:26 AM
560,11:39:27 AM
561,11:39:28 AM
562,11:39:29 AM
563,11:39:30 AM
564,11:39:31 AM
565,11:39:32 AM
566,11:39:33 AM
567,11:39:34 AM
568,11:39:35 AM
569,11:39:36 AM
570,11:39:37 AM
571,11:39:38 AM
572,11:39:39 AM
573,11:39:40 AM
574,11:39:41 AM
575,11:39:42 AM
576,11:39:43 AM
577,11:39:44 AM
578,11:39:45 AM
579,11:39:46 AM
591,11:39:58 AM
592,11:39:59 AM
593,11:40:00 AM
594,11:40:01 AM
595,11:40:02 AM
596,11:40:03 AM
598,11:40:05 AM
599,11:40:06 AM
600,11:40:07 AM
601,11:40:08 AM
602,11:40:09 AM
603,11:40:10 AM
604,11:40:11 AM
605,11:40:12 AM
606,11:40:13 AM
607,11:40:14 AM
608,11:40:15 AM
609,11:40:16 AM
610,11:40:17 AM
611,11:40:18 AM
612,11:40:19 AM
613,11:40:20 AM
615,11:40:22 AM
616,11:40:23 AM
617,11:40:24 AM
618,11:40:25 AM
619,11:40:26 AM
620,11:40:27 AM
621,11:40:28 AM
622,11:40:29 AM
623,11:40:30 AM
624,11:40:31 AM
625,11:40:32 AM
626,11:40:33 AM
627,11:40:34 AM
628,11:40:35 AM
629,11:40:36 AM
630,11:40:37 AM
631,11:40:38 AM
632,11:40:39 AM
633,11:40:40 AM
634,11:40:41 AM
635,11:40:42 AM
636,11:40:43 AM
637,11:40:44 AM
638,11:40:45 AM
639,11:40:46 AM
640,11:40:47 AM
641,11:40:48 AM
642,11:40:49 AM
643,11:40:50 AM
644,11:40:51 AM
645,11:40:52 AM
646,11:40:53 AM
647,11:40:54 AM
648,11:40:55 AM
649,11:40:56 AM
650,11:40:57 AM
651,11:40:58 AM
652,11:40:59 AM
653,11:41:00 AM
654,11:41:01 AM
655,11:41:02 AM
656,11:41:03 AM
657,11:41:04 AM
658,11:41:05 AM
659,11:41:06 AM
660,11:41:07 AM
661,11:41:08 AM
662,11:41:09 AM
663,11:41:10 AM
664,11:41:11 AM
665,11:41:12 AM
666,11:41:13 AM
667,11:41:14 AM
668,11:41:15 AM
669,11:41:16 AM
670,11:41:17 AM
671,11:41:18 AM
672,11:41:19 AM
673,11:41:20 AM
674,11:41:21 AM
675,11:41:22 AM
676,11:41:23 AM
678,11:41:25 AM
679,11:41:26 AM
680,11:41:27 AM
681,11:41:28 AM
682,11:41:29 AM
683,11:41:30 AM
684,11:41:31 AM
685,11:41:32 AM
686,11:41:33 AM
687,11:41:34 AM
688,11:41:35 AM
689,11:41:36 AM
690,11:41:37 AM
691,11:41:38 AM
692,11:41:39 AM
693,11:41:40 AM
694,11:41:41 AM
695,11:41:42 AM
696,11:41:43 AM
697,11:41:44 AM
698,11:41:45 AM
707,11:41:54 AM
708,11:41:55 AM
709,11:41:56 AM
710,11:41:57 AM
711,11:41:58 AM
712,11:41:59 AM
713,11:42:00 AM
714,11:42:01 AM
715,11:42:02 AM
716,11:42:03 AM
717,11:42:04 AM
718,11:42:05 AM
719,11:42:06 AM
720,11:42:07 AM
721,11:42:08 AM
722,11:42:09 AM
723,11:42:10 AM
724,11:42:11 AM
725,11:42:12 AM
726,11:42:13 AM
727,11:42:14 AM
728,11:42:15 AM
729,11:42:16 AM
730,11:42:17 AM
731,11:42:18 AM
732,11:42:19 AM
733,11:42:20 AM
734,11:42:21 AM
735,11:42:22 AM
736,11:42:23 AM
737,11:42:24 AM
738,11:42:25 AM
739,11:42:26 AM
740,11:42:27 AM
741,11:42:28 AM
742,11:42:29 AM
743,11:42:30 AM
744,11:42:31 AM
745,11:42:32 AM
746,11:42:33 AM
747,11:42:34 AM
748,11:42:35 AM
749,11:42:36 AM
750,11:42:37 AM
751,11:42:38 AM
752,11:42:39 AM
753,11:42:40 AM
754,11:42:41 AM
755,11:42:42 AM
756,11:42:43 AM
757,11:42:44 AM
761,11:42:48 AM
762,11:42:49 AM
763,11:42:50 AM
764,11:42:51 AM
765,11:42:52 AM
766,11:42:53 AM
767,11:42:54 AM
768,11:42:55 AM
769,11:42:56 AM
770,11:42:57 AM
771,11:42:58 AM
774,11:43:01 AM
775,11:43:02 AM
776,11:43:03 AM
783,11:43:10 AM
784,11:43:11 AM
790,11:43:17 AM
791,11:43:18 AM
792,11:43:19 AM
793,11:43:20 AM
794,11:43:21 AM
795,11:43:22 AM
796,11:43:23 AM
797,11:43:24 AM
798,11:43:25 AM
799,11:43:26 AM
800,11:43:27 AM
801,11:43:28 AM
802,11:43:29 AM
803,11:43:30 AM
804,11:43:31 AM
805,11:43:32 AM
806,11:43:33 AM
807,11:43:34 AM
808,11:43:35 AM
809,11:43:36 AM
810,11:43:37 AM
811,11:43:38 AM
812,11:43:39 AM
813,11:43:40 AM
814,11:43:41 AM
815,11:43:42 AM
816,11:43:43 AM
817,11:43:44 AM
818,11:43:45 AM
819,11:43:46 AM
820,11:43:47 AM
821,11:43:48 AM
822,11:43:49 AM
823,11:43:50 AM
824,11:43:51 AM
825,11:43:52 AM
826,11:43:53 AM
827,11:43:54 AM
828,11:43:55 AM
829,11:43:56 AM
830,11:43:57 AM
831,11:43:58 AM
832,11:43:59 AM
833,11:44:00 AM
834,11:44:01 AM
835,11:44:02 AM
836,11:44:03 AM
837,11:44:04 AM
838,11:44:05 AM
839,11:44:06 AM
840,11:44:07 AM
841,11:44:08 AM
842,11:44:09 AM
843,11:44:10 AM
844,11:44:11 AM
845,11:44:12 AM
846,11:44:13 AM
847,11:44:14 AM
848,11:44:15 AM
849,11:44:16 AM
850,11:44:17 AM
851,11:44:18 AM
852,11:44:19 AM
853,11:44:20 AM
854,11:44:21 AM
855,11:44:22 AM
867,11:44:34 AM
868,11:44:35 AM
869,11:44:36 AM
870,11:44:37 AM
871,11:44:38 AM
872,11:44:39 AM
873,11:44:40 AM
874,11:44:41 AM
875,11:44:42 AM
876,11:44:43 AM
877,11:44:44 AM
878,11:44:45 AM
879,11:44:46 AM
880,11:44:47 AM
881,11:44:48 AM
882,11:44:49 AM
883,11:44:50 AM
884,11:44:51 AM
885,11:44:52 AM
886,11:44:53 AM
887,11:44:54 AM
888,11:44:55 AM
889,11:44:56 AM
890,11:44:57 AM
891,11:44:58 AM
892,11:44:59 AM
893,11:45:00 AM
895,11:45:02 AM
896,11:45:03 AM
897,11:45:04 AM
902,11:45:09 AM
903,11:45:10 AM
904,11:45:11 AM
905,11:45:12 AM
906,11:45:13 AM
907,11:45:14 AM
908,11:45:15 AM
909,11:45:16 AM
910,11:45:17 AM
911,11:45:18 AM
912,11:45:19 AM
913,11:45:20 AM
914,11:45:21 AM
915,11:45:22 AM
916,11:45:23 AM
917,11:45:24 AM
918,11:45:25 AM
919,11:45:26 AM
920,11:45:27 AM
921,11:45:28 AM
922,11:45:29 AM
923,11:45:30 AM
924,11:45:31 AM
925,11:45:32 AM
926,11:45:33 AM
927,11:45:34 AM
928,11:45:35 AM
929,11:45:36 AM
930,11:45:37 AM
931,11:45:38 AM
932,11:45:39 AM
933,11:45:40 AM
934,11:45:41 AM
935,11:45:42 AM
936,11:45:43 AM
937,11:45:44 AM
938,11:45:45 AM
939,11:45:46 AM
940,11:45:47 AM
941,11:45:48 AM
946,11:45:53 AM
947,11:45:54 AM
948,11:45:55 AM
949,11:45:56 AM
950,11:45:57 AM
951,11:45:58 AM
952,11:45:59 AM
953,11:46:00 AM
954,11:46:01 AM
955,11:46:02 AM
956,11:46:03 AM
957,11:46:04 AM
958,11:46:05 AM
959,11:46:06 AM
960,11:46:07 AM
961,11:46:08 AM
962,11:46:09 AM
966,11:46:13 AM
967,11:46:14 AM
968,11:46:15 AM
969,11:46:16 AM
970,11:46:17 AM
971,11:46:18 AM
972,11:46:19 AM
977,11:46:24 AM
978,11:46:25 AM
979,11:46:26 AM
980,11:46:27 AM
981,11:46:28 AM
982,11:46:29 AM
983,11:46:30 AM
985,11:46:32 AM
986,11:46:33 AM
987,11:46:34 AM
988,11:46:35 AM
989,11:46:36 AM
990,11:46:37 AM
997,11:46:44 AM
998,11:46:45 AM
999,11:46:46 AM
1000,11:46:47 AM
1001,11:46:48 AM
1002,11:46:49 AM
1003,11:46:50 AM
1004,11:46:51 AM
1005,11:46:52 AM
1006,11:46:53 AM
1007,11:46:54 AM
1008,11:46:55 AM
1009,11:46:56 AM
1010,11:46:57 AM
1011,11:46:58 AM
1012,11:46:59 AM
1013,11:47:00 AM
1014,11:47:01 AM
1015,11:47:02 AM
1016,11:47:03 AM
1017,11:47:04 AM
1018,11:47:05 AM
1019,11:47:06 AM
1020,11:47:07 AM
1021,11:47:08 AM
1022,11:47:09 AM
1023,11:47:10 AM
1024,11:47:11 AM
1025,11:47:12 AM
1026,11:47:13 AM
1027,11:47:14 AM
1028,11:47:15 AM
1029,11:47:16 AM
1030,11:47:17 AM
1035,11:47:22 AM
1036,11:47:23 AM
1037,11:47:24 AM
1038,11:47:25 AM
1039,11:47:26 AM
1040,11:47:27 AM
1041,11:47:28 AM
1042,11:47:29 AM
1043,11:47:30 AM
1044,11:47:31 AM
1045,11:47:32 AM
1046,11:47:33 AM
1047,11:47:34 AM
1048,11:47:35 AM
1049,11:47:36 AM
1050,11:47:37 AM
1051,11:47:38 AM
1052,11:47:39 AM
1053,11:47:40 AM
1054,11:47:41 AM
1055,11:47:42 AM
1056,11:47:43 AM
1057,11:47:44 AM
1058,11:47:45 AM
1059,11:47:46 AM
1060,11:47:47 AM
1061,11:47:48 AM
1062,11:47:49 AM
1063,11:47:50 AM
1064,11:47:51 AM
1065,11:47:52 AM
1066,11:47:53 AM
1067,11:47:54 AM
1068,11:47:55 AM
1069,11:47:56 AM
1070,11:47:57 AM
1071,11:47:58 AM
1072,11:47:59 AM
1073,11:48:00 AM
1074,11:48:01 AM
1075,11:48:02 AM
1076,11:48:03 AM
1077,11:48:04 AM
1078,11:48:05 AM
1079,11:48:06 AM
1080,11:48:07 AM
1081,11:48:08 AM
1082,11:48:09 AM
1083,11:48:10 AM
1084,11:48:11 AM
1085,11:48:12 AM
1086,11:48:13 AM
1087,11:48:14 AM
1088,11:48:15 AM
1089,11:48:16 AM
1090,11:48:17 AM
1091,11:48:18 AM
1092,11:48:19 AM
1093,11:48:20 AM
1094,11:48:21 AM
1095,11:48:22 AM
1096,11:48:23 AM
1097,11:48:24 AM
1098,11:48:25 AM
1099,11:48:26 AM
1100,11:48:27 AM
1101,11:48:28 AM
1102,11:48:29 AM
1103,11:48:30 AM
1104,11:48:31 AM
1105,11:48:32 AM
1106,11:48:33 AM
1107,11:48:34 AM
1108,11:48:35 AM
1109,11:48:36 AM
1110,11:48:37 AM
1111,11:48:38 AM
1112,11:48:39 AM
1113,11:48:40 AM
1114,11:48:41 AM
1115,11:48:42 AM
1116,11:48:43 AM
1117,11:48:44 AM
1118,11:48:45 AM
1119,11:48:46 AM
1120,11:48:47 AM
1121,11:48:48 AM
1122,11:48:49 AM
1123,11:48:50 AM
1124,11:48:51 AM
1125,11:48:52 AM
1126,11:48:53 AM
1127,11:48:54 AM
1128,11:48:55 AM
1129,11:48:56 AM
1130,11:48:57 AM
1131,11:48:58 AM
1132,11:48:59 AM
1133,11:49:00 AM
1134,11:49:01 AM
1135,11:49:02 AM
1136,11:49:03 AM
1137,11:49:04 AM
1138,11:49:05 AM
1139,11:49:06 AM
1140,11:49:07 AM
1141,11:49:08 AM
1142,11:49:09 AM
1143,11:49:10 AM
1144,11:49:11 AM
1148,11:49:15 AM
1149,11:49:16 AM
1150,11:49:17 AM
1151,11:49:18 AM
1152,11:49:19 AM
1153,11:49:20 AM
1154,11:49:21 AM
1155,11:49:22 AM
1156,11:49:23 AM
1157,11:49:24 AM
1158,11:49:25 AM
1159,11:49:26 AM
1160,11:49:27 AM
1161,11:49:28 AM
1162,11:49:29 AM
1163,11:49:30 AM
1164,11:49:31 AM
1165,11:49:32 AM
1166,11:49:33 AM
1167,11:49:34 AM
1168,11:49:35 AM
1169,11:49:36 AM
1170,11:49:37 AM
1171,11:49:38 AM
1172,11:49:39 AM
1173,11:49:40 AM
1174,11:49:41 AM
1175,11:49:42 AM
1176,11:49:43 AM
1177,11:49:44 AM
1178,11:49:45 AM
1179,11:49:46 AM
1180,11:49:47 AM
1181,11:49:48 AM
1182,11:49:49 AM
1183,11:49:50 AM
1184,11:49:51 AM
1185,11:49:52 AM
1186,11:49:53 AM
1187,11:49:54 AM
1188,11:49:55 AM
1189,11:49:56 AM
1190,11:49:57 AM
1191,11:49:58 AM
1192,11:49:59 AM
1193,11:50:00 AM
1194,11:50:01 AM
1195,11:50:02 AM
1196,11:50:03 AM
1197,11:50:04 AM
1198,11:50:05 AM
1199,11:50:06 AM
1200,11:50:07 AM
1201,11:50:08 AM
1202,11:50:09 AM
1203,11:50:10 AM
1204,11:50:11 AM
1205,11:50:12 AM
1206,11:50:13 AM
1207,11:50:14 AM
1208,11:50:15 AM
1209,11:50:16 AM
1210,11:50:17 AM
1211,11:50:18 AM
1212,11:50:19 AM
1213,11:50:20 AM
1214,11:50:21 AM
1215,11:50:22 AM
1216,11:50:23 AM
1217,11:50:24 AM
1218,11:50:25 AM
1219,11:50:26 AM
1220,11:50:27 AM
1221,11:50:28 AM
1222,11:50:29 AM
1223,11:50:30 AM
1224,11:50:31 AM
1225,11:50:32 AM
1226,11:50:33 AM
1227,11:50:34 AM
1228,11:50:35 AM
1229,11:50:36 AM
